Distribution,Sample_Size,BETA_ROT_LSCV_Mean,BETA_ROT_LSCV_Std,BETA_ROT_ISE_Mean,BETA_ROT_ISE_Std,BETA_ROT_Time_Sec_Mean,BETA_ROT_Time_Sec_Std,BETA_LSCV_LSCV_Mean,BETA_LSCV_LSCV_Std,BETA_LSCV_ISE_Mean,BETA_LSCV_ISE_Std,BETA_LSCV_Time_Sec_Mean,BETA_LSCV_Time_Sec_Std,BETA_ISE_LSCV_Mean,BETA_ISE_LSCV_Std,BETA_ISE_ISE_Mean,BETA_ISE_ISE_Std,BETA_ISE_Time_Sec_Mean,BETA_ISE_Time_Sec_Std,BETA_ORACLE_LSCV_Mean,BETA_ORACLE_LSCV_Std,BETA_ORACLE_ISE_Mean,BETA_ORACLE_ISE_Std,BETA_ORACLE_Time_Sec_Mean,BETA_ORACLE_Time_Sec_Std,LOGIT_SILV_LSCV_Mean,LOGIT_SILV_LSCV_Std,LOGIT_SILV_ISE_Mean,LOGIT_SILV_ISE_Std,LOGIT_SILV_Time_Sec_Mean,LOGIT_SILV_Time_Sec_Std,LOGIT_LSCV_LSCV_Mean,LOGIT_LSCV_LSCV_Std,LOGIT_LSCV_ISE_Mean,LOGIT_LSCV_ISE_Std,LOGIT_LSCV_Time_Sec_Mean,LOGIT_LSCV_Time_Sec_Std,LOGIT_ISE_LSCV_Mean,LOGIT_ISE_LSCV_Std,LOGIT_ISE_ISE_Mean,LOGIT_ISE_ISE_Std,LOGIT_ISE_Time_Sec_Mean,LOGIT_ISE_Time_Sec_Std,REFLECT_SILV_LSCV_Mean,REFLECT_SILV_LSCV_Std,REFLECT_SILV_ISE_Mean,REFLECT_SILV_ISE_Std,REFLECT_SILV_Time_Sec_Mean,REFLECT_SILV_Time_Sec_Std,REFLECT_LSCV_LSCV_Mean,REFLECT_LSCV_LSCV_Std,REFLECT_LSCV_ISE_Mean,REFLECT_LSCV_ISE_Std,REFLECT_LSCV_Time_Sec_Mean,REFLECT_LSCV_Time_Sec_Std,REFLECT_ISE_LSCV_Mean,REFLECT_ISE_LSCV_Std,REFLECT_ISE_ISE_Mean,REFLECT_ISE_ISE_Std,REFLECT_ISE_Time_Sec_Mean,REFLECT_ISE_Time_Sec_Std,BETA_ROT_Fallback_Rate_Mean
"B(0.5, 0.5)",50,-1.4161690735210994,0.36446532612026944,,,0.0001054048095829527,1.7794351984898794e-05,-1.396884401422181,0.3101050071188279,,,0.045804226129432156,0.008035479249207163,,,,,,,,,,,,,-35.10240470514193,1188.3915761247824,,,6.0375484987161356e-05,9.810629063048494e-06,-31.49134814606638,1125.5027767352256,,,0.006195453406195106,0.0011691445274542487,,,,,,,-1.1745212078636442,0.13903571938140474,,,4.394326976034751e-05,8.81770077944829e-06,-1.3521652992265885,0.30442653580712775,,,0.033528825137298504,0.0066754737264865345,,,,,,,1.0
"B(0.5, 0.5)",100,-1.5240756746367772,0.2775760677199983,,,9.335921681485346e-05,1.3994357373525396e-05,-1.4668018608696658,0.23101310120515214,,,0.1008585376127157,0.013808532343727174,,,,,,,,,,,,,-8.69359887515355,274.0085815935912,,,5.969699390698147e-05,8.287540801497213e-06,-2.998479669978275,176.62304988792894,,,0.013128914861357721,0.001757001643076477,,,,,,,-1.2202814897675882,0.10363316946845014,,,4.577678220812213e-05,7.304776167835e-06,-1.424215500258633,0.23281078057690693,,,0.14299835556396281,0.022416603398391778,,,,,,,1.0
"B(0.5, 0.5)",250,-1.6245982407920432,0.19750818342498852,,,0.00011163297004527409,1.3512756855898516e-05,-1.5282951344227265,0.15381785045260069,,,0.38678950039995835,0.04764145591752265,,,,,,,,,,,,,0.07322811651455018,101.59379433701797,,,8.953778981230674e-05,1.0809244217392576e-05,-0.5171153510025619,100.96369876806519,,,0.07790778755710921,0.011152397017043562,,,,,,,-1.2643989153857904,0.07136896306950155,,,7.12196303065861e-05,9.172807256990967e-06,-1.5026356904982614,0.1555453905524561,,,1.4296828659928869,0.12329871255778696,,,,,,,1.0
"B(0.5, 0.5)",500,-1.6913872682889932,0.1512512335826047,,,0.00011646426445799623,1.5617199317017162e-05,-1.5660133844964255,0.11290709092811788,,,1.230351680862601,0.15208073875000822,,,,,,,,,,,,,-2.884793843022549,86.70703131345596,,,0.00010806847747877281,1.3956050061718844e-05,-1.5704789859221198,59.16654428899583,,,0.4247045759453904,0.053608501816184546,,,,,,,-1.296115032205791,0.05368909585113275,,,9.392656444104773e-05,1.4190116464719724e-05,-1.5498218346697044,0.11412008124932384,,,7.703749713959871,0.7159974433575456,,,,,,,1.0
"B(0.5, 0.5)",1000,-1.7561509681513174,0.1193044272125364,,,0.0001328227214980363,2.070867930478248e-05,-1.6006169812800464,0.08560788190444443,,,4.344483202304109,0.5035752595220859,,,,,,,,,,,,,-2.324921661408911,70.4272938740637,,,0.00012781563145103603,1.7070438590556215e-05,-0.2504338133063077,43.19147134572643,,,2.611696108312812,0.32284327955671654,,,,,,,-1.3258608236144165,0.04172425474019428,,,0.00011536639137189634,1.898251859908738e-05,-1.5893112563359353,0.08620474179882792,,,32.885127865136134,3.510591467436816,,,,,,,1.0
"B(0.5, 0.5)",2000,-1.8179217458858934,0.09615750973385048,,,0.000149508673581245,2.0946737171189826e-05,-1.6308756218880665,0.06547580061271262,,,17.03249460312049,2.1502647364587286,,,,,,,,,,,,,-1.3846705942998403,20.505210311766618,,,0.0001703418891410756,2.4210696064025375e-05,0.13928626047609088,17.215344512841185,,,10.564343613702688,1.3656352555646043,,,,,,,-1.3529350435042837,0.03274941423094973,,,0.00014102805219585752,2.224957729435577e-05,-1.6223983382536706,0.06496841079643614,,,132.11118520886114,13.236372495685021,,,,,,,1.0
"B(0.8, 2.5)",50,-1.8565537629064346,0.35411043799867703,,,0.00011560540809291595,2.271696085573732e-05,-1.9305027675404376,0.3326229942135409,,,0.04325948103494006,0.010835681589025287,,,,,,,,,,,,,-1.7245976611520033,9.078339152123924,,,6.820635637268173e-05,1.431662556002007e-05,-1.9614897546176273,19.910633595569063,,,0.006553815732477186,0.0015351673842325026,,,,,,,-1.8709967061809811,0.3055864731555875,,,4.9585030181332226e-05,1.4642873899328336e-05,-1.9187848438455959,0.33449287357141355,,,0.030977007115376137,0.00664367987706486,,,,,,,0.996
"B(0.8, 2.5)",100,-1.915520111183241,0.2395456730094205,,,9.916832728775471e-05,1.4072944911929223e-05,-1.9481825079369006,0.2297931762912696,,,0.08867569732770784,0.015964483847233743,,,,,,,,,,,,,-1.7078425607260757,3.1296951662701065,,,6.408577959518784e-05,9.28979799528776e-06,-1.581284862231435,4.692624436935624,,,0.013484047274105203,0.0020871335438921806,,,,,,,-1.9109399506109765,0.21563092881791676,,,5.0478944904170696e-05,7.876375218516982e-06,-1.933472554606508,0.2280661465194405,,,0.12400609396712385,0.01914356762409629,,,,,,,1.0
"B(0.8, 2.5)",250,-1.950090235449286,0.15679364659240197,,,0.00011363224673546108,1.619415969365933e-05,-1.958241444567698,0.15066327047046024,,,0.3464243001070572,0.05944639373094298,,,,,,,,,,,,,-1.8030632861894047,0.8577633228826668,,,9.017748071345839e-05,9.197934699972649e-06,-1.6653543794740189,2.095720662302047,,,0.07962711732473686,0.012596365759296282,,,,,,,-1.9267027850355116,0.1387402402895393,,,7.22289688419546e-05,7.824861211480346e-06,-1.9400625980178154,0.15036193668020464,,,1.1936878422028385,0.14016994432052815,,,,,,,1.0
"B(0.8, 2.5)",500,-1.9704994485379914,0.11142507439298184,,,0.00012465509900352534,1.6144513854845047e-05,-1.97041622508922,0.10700324545529159,,,1.129235318883555,0.16401517486066186,,,,,,,,,,,,,-1.8536026546018394,0.4943322370040208,,,0.00010671228799034139,1.2955273372097009e-05,-1.8130932280707934,0.8972797000322867,,,0.4282479789480567,0.05177012729649919,,,,,,,-1.9407652187916713,0.09735355311141691,,,9.101207775528726e-05,1.1547807256921805e-05,-1.9554945583312164,0.10699814994738205,,,6.50435481907276,0.832909641324549,,,,,,,1.0
"B(0.8, 2.5)",1000,-1.9776419366296811,0.08075573545987468,,,0.0001435269564389678,1.9659625056430256e-05,-1.9737351103938632,0.07752817332989545,,,4.107807579298271,0.5543202817722415,,,,,,,,,,,,,-1.8809230640571455,0.7761089174582195,,,0.00013172684493469684,1.7203012348660856e-05,-1.8732347691447575,0.44455430033113924,,,2.6867311035912715,0.2844720516061179,,,,,,,-1.9455596082604252,0.07010180958236288,,,0.00011770198028530286,1.7164393346967093e-05,-1.9619743304379986,0.07795719491803876,,,29.098962375263916,3.9113118447350406,,,,,,,1.0
"B(0.8, 2.5)",2000,-1.9808970560405694,0.057486950203116935,,,0.0001519899120320986,1.9365568142536786e-05,-1.9752478939513471,0.055088939835450115,,,16.379484322478064,2.128599754366186,,,,,,,,,,,,,-1.9387449140876272,0.12713783606287576,,,0.0001674049638676893,2.3566258747057103e-05,-1.9171963750717465,0.2182035389861972,,,10.558342432942707,1.244020967294567,,,,,,,-1.9494797984850316,0.05078043594469664,,,0.0001423394180600977,2.0305151799380597e-05,-1.9676601252991608,0.05575144542936003,,,125.70425117826403,13.660482722585755,,,,,,,1.0
"B(1.5, 1.5)",50,-1.0200476932601972,0.1012070941174043,,,0.00010443286481310536,1.1057056610819522e-05,-1.058773279073789,0.07293181284335698,,,0.04034135692927516,0.0034259822990073854,,,,,,,,,,,,,-1.0140925620869998,0.08982302409934188,,,6.14886856637895e-05,5.0878680034601524e-06,-1.01920115156603,0.09990846992861924,,,0.006019525074050713,0.00041421764579681276,,,,,,,-1.0280847913358366,0.08445263707366228,,,4.444783774670213e-05,4.142808694069311e-06,-1.0549053717104444,0.08197764987490677,,,0.027204473906895097,0.0016063780278685361,,,,,,,0.58
"B(1.5, 1.5)",100,-1.0428981125035253,0.06264138794919971,,,0.00010178402741437397,1.1923706568311684e-05,-1.061425701780355,0.05060909048228756,,,0.08656620991148516,0.009512236408673845,,,,,,,,,,,,,-1.039771602876887,0.054846375240488056,,,6.550700811203553e-05,5.119436951437443e-06,-1.0418152378472558,0.060421166337229534,,,0.013228460632497396,0.00114147861848141,,,,,,,-1.047249791265145,0.054266620038398224,,,5.113687342964108e-05,4.411669056178408e-06,-1.058856020766009,0.05436964489326996,,,0.11516914881335101,0.009968011150273688,,,,,,,0.603
"B(1.5, 1.5)",250,-1.0618450891748679,0.03528115883475269,,,0.00011509346030647666,1.4564687983417014e-05,-1.069019274999159,0.030941153105184884,,,0.3425592514243908,0.04526856473257551,,,,,,,,,,,,,-1.0598400948681734,0.03191825166782879,,,9.20847887173229e-05,1.0163394018125973e-05,-1.0602462246947868,0.033257010836984006,,,0.07902019425272006,0.009655339314282068,,,,,,,-1.062521563251341,0.03172953675198815,,,7.333641685545364e-05,8.161086740486093e-06,-1.0659832523502624,0.03193141180786294,,,1.0966231267144904,0.09408881816144193,,,,,,,0.598
"B(1.5, 1.5)",500,-1.0685552754663206,0.022740039990325332,,,0.00012133003096091354,1.6390803827379036e-05,-1.072232105872567,0.02053608979385489,,,1.0909906300915173,0.12863379167001465,,,,,,,,,,,,,-1.067599535326333,0.02065167147625906,,,0.00010659625334661876,1.358232616048214e-05,-1.0678135960296522,0.02118257451291596,,,0.4224951232112944,0.04678417028589633,,,,,,,-1.0679355945898723,0.021048613658607298,,,9.163583128246279e-05,1.2632066207681275e-05,-1.069552729260175,0.021362032775451182,,,5.92452090973442,0.5181419633486933,,,,,,,0.622
"B(1.5, 1.5)",1000,-1.0736767489425953,0.015542003563927041,,,0.000137966466601888,2.1524239569955968e-05,-1.0756011978018511,0.014535774107187122,,,3.929964501377777,0.5321767327835702,,,,,,,,,,,,,-1.0730772422796762,0.014520914143895407,,,0.00013199042901391742,1.9400721194760603e-05,-1.0731609740405461,0.014767221552723864,,,2.6476251449630364,0.330569887274363,,,,,,,-1.0726419926595603,0.014817929703410615,,,0.00011685126158404533,1.8743188865301145e-05,-1.073327357329328,0.014880060233617922,,,25.660573023405625,2.938620449241655,,,,,,,0.63
"B(1.5, 1.5)",2000,-1.0768563097768842,0.010836239160545979,,,0.00014938052801876108,2.14781408839664e-05,-1.0778567430788557,0.010319530862845046,,,15.719362746528816,2.1807931773951297,,,,,,,,,,,,,-1.076469602577841,0.010342570342731434,,,0.00016931823350018371,2.4001175933683674e-05,-1.0764923808609068,0.010407545045096795,,,10.475574050778523,1.339783925976973,,,,,,,-1.0757035930690741,0.010479190743935765,,,0.0001424574172123772,2.2120574972300133e-05,-1.0762092952775697,0.010515561067005099,,,107.03157085957297,11.345267500062652,,,,,,,0.6
"B(2, 12)",50,-3.398972919285391,0.4333419338284825,0.14864007762972473,0.11370853358028671,0.00010133331548420784,2.0330735161395427e-05,-3.43909574625047,0.4261999621076416,0.17895655116132972,0.11675176984334174,0.0390772385555319,0.004214824098388392,-3.3607890595824665,0.4092122559438928,0.12606382317728448,0.09250950170061226,0.7544946610939224,0.11268966248109938,-3.3999506599496856,0.4194043049726122,0.13745746928695843,0.09774219610763907,1.3337718322873115e-05,1.4482798445755484e-06,-3.3688128105699953,0.44429915982087353,0.18813354742748767,0.14533164945015767,4.9740706570446494e-05,5.33945347470045e-06,-3.391026927409894,0.4755432968308198,0.27789828322077115,0.25066918646387243,0.005970537405344608,0.00048574843804420116,-3.3265179830559397,0.4312243395112362,0.16434061323583837,0.14113369529787828,0.35339980496128554,0.08310155671903081,-3.355270399761596,0.42812195701986305,0.1923301518441633,0.10658699617175423,4.902667051646858e-05,5.904799655561363e-06,-3.4239747700482708,0.4472849833222678,0.26322212628547076,0.18541919022407735,0.029826681383419734,0.001880731704031214,-3.3202776454201905,0.4053301946948103,0.16755670648041465,0.08859186213594411,0.2620857395397033,0.09279562146785525,0.064
"B(2, 12)",100,-3.444124269902206,0.2909136275840589,0.08538145709204688,0.060060878083588995,9.123143879696236e-05,1.2171023392387542e-05,-3.4576968011661724,0.29081676362625836,0.09789015054979236,0.06397093207530367,0.08472136228694577,0.010825967862013057,-3.4243605833938435,0.2846493462885963,0.07496653907057334,0.05362110840550562,0.8219953182827449,0.15471683484663534,-3.444126420949345,0.2872630184703345,0.08234671949706669,0.05526157372952126,1.2852539657615126e-05,1.5651757934094255e-06,-3.4229169157173525,0.29500516186174847,0.10642297216220058,0.0728046267336038,4.536792740691453e-05,4.183902163385345e-06,-3.4358511540183216,0.30567409615059105,0.15659384152790531,0.13268650886598457,0.013308613483793986,0.0016210445064763095,-3.4000446211512925,0.2874539701756431,0.09430913230907025,0.07057114514444737,0.37956033927924,0.10104230938430529,-3.406480232519861,0.29116384292108133,0.12271319496113257,0.06001212727007279,4.461596789769828e-05,4.189586318617774e-06,-3.4396211352627146,0.3009391532331899,0.16066585227305302,0.10387579685198971,0.11498012498987369,0.008036709365279596,-3.38812510798807,0.28805529860237744,0.10903141820448717,0.055084368653870085,0.33281604571640494,0.10873920445960086,0.026
"B(2, 12)",250,-3.478999251866937,0.18111694724896477,0.04229949735342387,0.026108929208740857,0.0001064637991366514,1.2450990471260608e-05,-3.4825966174715908,0.18133968234480022,0.04534979979062601,0.02718219319116557,0.3205593824441312,0.043225495139157216,-3.4725960055222282,0.18053666464083484,0.038269196071610855,0.024950160133953573,0.9751727046424057,0.19206862467173952,-3.479018631981206,0.18068089911401453,0.04176534322198597,0.02559680073049424,1.406644145026803e-05,1.6767927947065645e-06,-3.468877627258073,0.18251907296366834,0.05419453092022965,0.033872145758020306,5.328385799657553e-05,4.697808481516012e-06,-3.47338032407538,0.1849770912232732,0.07384805931768647,0.05386950619509023,0.07212671317229974,0.00752244402152779,-3.4594724316329932,0.18122689324206107,0.04946086533269603,0.03257129674482816,0.42166209350700956,0.09754401366820178,-3.4495130338960456,0.1821596610952277,0.07230344234926435,0.030146304002031773,5.289958592038589e-05,6.599276126411071e-06,-3.464666422475872,0.18526824934543362,0.0834782446450036,0.04426698218963097,1.0028208763550501,0.07885723064646201,-3.4468645188555724,0.1828667778223154,0.06311391233161733,0.028802424529615622,0.47099666871502993,0.12699045704809225,0.001
"B(2, 12)",500,-3.4962907075043583,0.12691600483943513,0.024857039595696365,0.013921077316654346,0.00011211262131104887,1.2635914567358347e-05,-3.497419940207617,0.12696747598357802,0.025911936622563563,0.014469379609393684,1.037061843726551,0.1398592180272834,-3.493221342015155,0.12674269586556922,0.022791337585467968,0.013124225187348472,1.157634446119424,0.22331363314210856,-3.4962584639455248,0.1267264070198506,0.02471063339786859,0.013816205815023777,1.4922813978046179e-05,2.482643833505679e-06,-3.4898150066593416,0.12748393659196666,0.032587090467269396,0.018637265231931054,5.940264544915397e-05,5.599369109207932e-06,-3.491599987121396,0.1283852901378292,0.042793635325184626,0.030893931698065123,0.3812406256434042,0.043160523337507195,-3.4850998147580756,0.12665167983932857,0.030118566202187478,0.018101100803346332,0.46493704454693946,0.1043380916504664,-3.4729341196633072,0.12842184460922307,0.048534588523422656,0.01735565335762994,5.735310364980235e-05,6.721301884464721e-06,-3.4839354715536075,0.13011013267932428,0.050654805490482784,0.02504867586797085,5.659042441698257,0.5198446459760667,-3.4752860096357323,0.1284299447324552,0.040369503544002164,0.016218857520229814,0.6350793069534703,0.17243169337451816,0.0
"B(2, 12)",1000,-3.5111438680481615,0.08886300012825823,0.014246470786976212,0.007597522687950119,0.0001259862381265928,1.932943010286964e-05,-3.511313114642886,0.08882675805822739,0.014510638030203001,0.007728269851321406,3.6731352718179116,0.5210571828499175,-3.5096034114271206,0.0888339163522342,0.013179676162727576,0.0071600404951198205,1.554219589975197,0.3250261353309477,-3.5111438217081665,0.08879867415356851,0.01418649637927845,0.007578836560502217,1.6991249751299618e-05,3.14122139750034e-06,-3.507078006795945,0.0892089158673332,0.019074239143463227,0.009965890843728167,6.910476798657237e-05,8.336728673804499e-06,-3.507554812934828,0.08918408522684529,0.023496868405707874,0.014909766477093982,2.528521437158575,0.30126391030419863,-3.5048763437196544,0.08900938156911188,0.01782946313072556,0.009645566484911992,0.5796024032976711,0.1351451123309364,-3.493314230034174,0.0894885307746852,0.031903012751140054,0.009648608226944995,6.450326507911048e-05,8.462349058514231e-06,-3.5011729631994255,0.08957172470101417,0.029536289228870576,0.01210906465912994,25.21337808680348,2.595763028956061,-3.4974797407433744,0.08946656646459426,0.024973119912085492,0.008966973581796486,0.9588254159202334,0.26278191270273416,0.0
"B(2, 12)",2000,-3.517355274447273,0.06242774090350852,0.008363812468808088,0.004404961808447018,0.0001451907750451432,1.901231142595458e-05,-3.517103942906989,0.06240764385205274,0.00872389894134108,0.004578197526739661,15.188003557817195,1.9033991645834427,-3.516668307063659,0.06237335893269398,0.007837357072571305,0.004184878808616924,2.305696837519645,0.46713542913106315,-3.5173582679945246,0.062400900215385045,0.008339719349034849,0.00439794401225126,1.989781984593719e-05,3.1310469895852543e-06,-3.514923322095188,0.06254373968043826,0.01124146007494889,0.005365327084759113,8.294165623374019e-05,9.927447996174207e-06,-3.515192461794284,0.06265173592130656,0.01355759543305865,0.007990276266352953,10.322493020238587,1.1759034974433495,-3.513797408163013,0.0624402701688872,0.010563857177533567,0.005218903381436961,0.8008060192116536,0.2217441798159462,-3.5042389372323597,0.0628801751324816,0.021445830189149907,0.005699074898021692,7.080436614341953e-05,9.307647589205423e-06,-3.510600861440648,0.06273332493452467,0.01777385684600394,0.006689606622695507,105.77676041888678,11.028317910994476,-3.5087944275699203,0.06264073131162022,0.015628724707944734,0.005192689168938825,1.626986154582235,0.45018847918497573,0.0
"B(5, 5)",50,-1.7665432463327262,0.18511879564905223,0.05467454814475995,0.03826580883446064,0.0001216076421551342,0.00021878398612519816,-1.778425842032733,0.1855253475387601,0.06449670286822881,0.04276516212213335,0.04116433194826818,0.006670271980102713,-1.7519008112577692,0.17869745795107003,0.04569247426992812,0.034278021489585954,0.639512330193189,0.12470114917125678,-1.765569530282653,0.18398638189229918,0.049957430450055365,0.03654732450845207,1.288282684981823e-05,2.8045814923821592e-06,-1.7521672558966643,0.18727188654787266,0.06947252055501467,0.04800456836416431,4.360601166263219e-05,9.463637207766797e-06,-1.771115512399578,0.19705400952160235,0.10847796559833967,0.09922883491487389,0.005981461112503844,0.0007999934956353971,-1.7350360429228533,0.18063631878283096,0.06009948316144654,0.04588026496353795,0.28460079611209216,0.07149891878709531,-1.7483136379709712,0.1948507856789958,0.07146583553446721,0.04860774031616913,4.116149689070877e-05,6.426077652864502e-06,-1.7828002222711357,0.19876502095647422,0.0984179733236536,0.10958661339209592,0.04524080232903356,0.005309460074610595,-1.7465578816207314,0.18124109539574948,0.04935777046334109,0.037937932556187916,0.11683421915420326,0.03229383609479295,0.0
"B(5, 5)",100,-1.777942284342104,0.12630343383168774,0.032451398044678476,0.02050394601643185,9.046065062283862e-05,1.1182278852785664e-05,-1.782913116631733,0.12663752453182434,0.03745141409246193,0.02228752127032973,0.08893714393628757,0.012074095394256145,-1.770377838270916,0.12420622848933832,0.028355209907274165,0.019863345728984398,0.6366782029180322,0.12595860354809688,-1.7774226556628436,0.12656641374249672,0.03062746627101002,0.020206693532131236,1.2997603742405773e-05,1.5239785870128794e-06,-1.7696061229242037,0.12736582531296078,0.0407811077290487,0.02546989409552686,4.654808400664478e-05,4.1772941642210445e-06,-1.7786340183250329,0.13277786948174802,0.06026219489944311,0.051927854655215565,0.01326471099187615,0.0013849097902014923,-1.7605996726628708,0.125334155205,0.036245067054406124,0.025113347044879705,0.30912109087780115,0.08551792483129916,-1.7674844632517346,0.13138471565300494,0.040965143328353014,0.024550577867180172,4.5090110623277727e-05,4.29092346396536e-06,-1.7855749999104955,0.13380864538759135,0.0534887226830224,0.05508572021034344,0.19206174381019078,0.017796681885233694,-1.7676361129015956,0.1253895674934767,0.03001031155533774,0.021205432386663933,0.12414426536031528,0.0393594668766486,0.0
"B(5, 5)",250,-1.79243527456704,0.07852545398362652,0.0167367168872626,0.011254744995993979,0.00010678314871616689,1.2850871254946458e-05,-1.7940879153910652,0.07845981635687888,0.018687547955514357,0.012025109433486314,0.34402879752486476,0.05255035759684294,-1.7890779630617224,0.07830071605135117,0.015042331886036856,0.010782284146326405,0.7127862797176931,0.1417767920914042,-1.7923160678162242,0.07864170640691273,0.016218455375606056,0.011170234188374515,1.4238185132853687e-05,2.039801510814056e-06,-1.7883910974745307,0.07892414126653935,0.020708969682981332,0.01369921814526584,5.6126007460988964e-05,5.9957554011434126e-06,-1.7923270915598968,0.08120845554906188,0.029656409333152358,0.024380041336042522,0.0751745107171591,0.013387127850947797,-1.7845628993961058,0.07858670322815363,0.018759521894593595,0.013276286301295527,0.3622657434302382,0.09889780604889,-1.7879058268035941,0.08035554574739165,0.020654946196137277,0.012896819342844625,5.380584939848628e-05,6.027227588557363e-06,-1.7957399954604967,0.08140213390454774,0.02634322894078601,0.025251291688297504,1.3904477345389314,0.10984335130821098,-1.7881506919584373,0.07863249225741001,0.015782020698375837,0.01134163526296162,0.1577464613409247,0.05491416099918764,0.0
"B(5, 5)",500,-1.798956137945124,0.05583960086417631,0.01036638400889081,0.006419518248466101,0.0001164252771995466,1.735745789791804e-05,-1.7996479905445726,0.055749031903778896,0.011174790572317907,0.006808210355437984,1.107494352377602,0.15375479775113166,-1.797272580164086,0.05587381507246356,0.009509804623974563,0.006226631169800936,0.8470734624599572,0.16797798742163256,-1.7989271038650236,0.055910571773229785,0.010160395767862727,0.0063904987331232935,1.5068343607708811e-05,2.451820331226562e-06,-1.7966746560563824,0.05600039648144956,0.012707814452640359,0.007754337310688993,6.437501870095664e-05,7.933829728006078e-06,-1.798349549568079,0.056551556407708384,0.017193448015234716,0.013005361487569072,0.4087331876287935,0.06694727829945732,-1.7947579718383815,0.055981829713667206,0.011693921547858343,0.0075225377813308465,0.408389114384423,0.09454601990017941,-1.7964083961208495,0.05652711950384349,0.012565569133450517,0.0071514840835468435,5.8642291347495864e-05,6.867709244912205e-06,-1.8003341760581273,0.05650639332405938,0.01518391466219629,0.01308628931188194,5.708844459098065,0.49683545182411676,-1.7967876880902176,0.05601667327922063,0.009910938769538087,0.006437902430885493,0.20689451812102921,0.06803061514515178,0.0
"B(5, 5)",1000,-1.8063740671694317,0.040149827761533356,0.006232150191128102,0.0035532092968521183,0.00012890870729456418,1.7298877439616437e-05,-1.8066011724734126,0.04009231038491859,0.006519983427619612,0.003682875362853439,4.193164613721427,0.5913088214503337,-1.805479626733068,0.04004652036699045,0.005767788143907883,0.0034830022497534937,1.1573383363157046,0.23875796204296068,-1.8063574827484914,0.040160667471638475,0.006140555109748681,0.003532000772029321,1.7148955492302774e-05,2.8458430124302204e-06,-1.8050759790189241,0.04021109159605341,0.007539474892948419,0.004250190093161957,7.694381184410125e-05,8.607724570911353e-06,-1.8058340482786197,0.04045687499604321,0.009513638402244926,0.006415930655602974,2.5652025781293633,0.3086940021023777,-1.8040695635365636,0.04004877856505641,0.006989141199040201,0.004156352247272884,0.5354872541675577,0.13372006171546202,-1.8048864621309133,0.04050358610671062,0.00753586267522592,0.003885937208437151,6.533753010444259e-05,9.663611312520623e-06,-1.806960105606771,0.040460234225384716,0.008410946556036596,0.006377353195818514,24.799036264156808,2.2101940820483774,-1.8052127143030148,0.04012070767558937,0.0059940352900289436,0.003566800013139969,0.30799937806930394,0.09846531281316488,0.0
"B(5, 5)",2000,-1.8093111441972693,0.027693480236169774,0.0036942625784586653,0.0020211713144290748,0.0001462481009074923,1.8868943214784302e-05,-1.8093282773751804,0.02763970651702276,0.0038120752244547892,0.002070072140600738,16.099405307649285,2.3745147088754694,-1.8088297851615633,0.027605528622487104,0.0034510657497882563,0.0019523311617428542,1.747291339192656,0.3484717888435281,-1.8093054617764053,0.02769763095328862,0.003658786985162678,0.002004767057745266,1.9757717847824095e-05,3.026540259450972e-06,-1.8085732161248134,0.02771824831746847,0.0044410279256749015,0.0023706629676883183,9.500316472257623e-05,8.874141481606682e-06,-1.8089210447490005,0.027777577533380966,0.00541181877222104,0.003428812829900054,10.285425320889102,1.255106806922532,-1.8080300801941562,0.027625290808276845,0.00414743945384448,0.00228450014989097,0.7500351819229545,0.1836415819801506,-1.8085133152771071,0.02786506010039031,0.0044330457199437436,0.00221077838560382,7.084599125664606e-05,8.542257533559735e-06,-1.809567279866984,0.02780854910966887,0.004736271046910218,0.0031969721076836703,104.31029413026164,11.509849991510658,-1.8087012522622297,0.027661373688375922,0.003578851468711977,0.001989484648162069,0.5178181389188394,0.14517757160876915,0.0
Bimodal,50,-1.8069290596279424,0.2168407759809868,0.24036732698707655,0.1759472126634076,9.21556197572385e-05,1.332524233595864e-05,-1.8556114416190326,0.16379140877437834,0.18744276955730496,0.050026376936885886,0.04479325597407292,0.0008581582482139812,-1.913720399342709,0.22862066147397977,0.09749464396833103,0.055527994205413315,0.9466121748099103,0.10614396160467239,-1.9282116956485922,0.2359356283613295,0.10391008207311603,0.05868854042569492,1.332285802345723e-05,1.2083525820012293e-06,-1.5732758218292942,0.09624665766988492,0.4772787467797573,0.06657844569569117,4.681029147468507e-05,5.669244212940606e-06,-1.9389183556493466,0.23492513607397333,0.13623080002487012,0.07270909876568449,0.00606380941788661,0.0005869877442528849,-1.9034843978693905,0.23060707452815535,0.10616044161999807,0.06047474573058639,0.6019633600558154,0.11397619554752994,-1.6262837558092424,0.10839541439786367,0.42518160530410865,0.04677436049059662,4.683740274049342e-05,5.96582405429044e-06,-1.94699255521825,0.23457131264426184,0.13370123382890323,0.07074651413863259,0.0288655515244463,0.00304628747283061,-1.9094905353660305,0.23067080245113472,0.10153780310637625,0.0566237396308903,0.5142836568721104,0.0848828114264462,0.847
Bimodal,100,-1.9025304947149473,0.1442028335389727,0.13998675903301133,0.08881403582631527,8.020508859771979e-05,7.163879616166808e-06,-1.895117869845606,0.1200982783907772,0.14724465744296608,0.03292508515109406,0.09575499058794226,0.0008939156220481864,-1.963287046213654,0.1600377073931651,0.05999775762638536,0.031675876514094536,1.0220926526221448,0.12684239580840442,-1.9718900926741711,0.16337378445073747,0.06359477304425715,0.032560751059511395,1.284346147440374e-05,8.180837720776303e-07,-1.688635456005745,0.08337183589116355,0.36112185161128,0.04643956860775592,4.3145980802364646e-05,1.481017221824785e-06,-1.9758769844767747,0.16397109208559738,0.08223949445080674,0.04099224744643397,0.013416729487711514,0.001227388116629539,-1.9571136661421127,0.16133821769332826,0.06559263474611145,0.03392460926244499,0.6630937080072472,0.12885552672314537,-1.7353550395324924,0.08929708068044744,0.31319594956446645,0.03215093733841797,4.2304852860979735e-05,1.6603538835103902e-06,-1.9797387596261289,0.16374968536946682,0.07957079324406002,0.0395215849745627,0.10797714212129354,0.009106502242677051,-1.9609757889819703,0.16069430169345492,0.0626373935186226,0.03219162344662305,0.520028676057118,0.08729513772994191,0.934
Bimodal,250,-2.003548009029949,0.08921116936242067,0.07297313198648676,0.02383379527862651,0.00010086815536485061,9.26735557887214e-06,-1.9668502931858236,0.08023244022663367,0.1105692057230424,0.020566312331231542,0.3563325980731752,0.007729086096376359,-2.0369784025576805,0.1018061373444909,0.0320871083077183,0.016779616048050602,1.25625936711533,0.1702140286066342,-2.040786598449711,0.10350262827707037,0.03367180311549788,0.017048132149251667,1.4077032217755913e-05,9.766281999100344e-07,-1.8438260886157098,0.06498534025050812,0.23612171001403848,0.027784433017532813,5.2636580890975894e-05,2.814042286767929e-06,-2.04154751687703,0.10389776416090853,0.0418351370795667,0.020600792346105155,0.07189200949657239,0.006185627046759846,-2.0342485926249037,0.10204413055447627,0.034864163829765656,0.018029575171661233,0.7720616863858886,0.15546721135813893,-1.8769510112925187,0.06727104186802747,0.2020512521884155,0.020388166252064088,5.2027814439497887e-05,2.790975218563596e-06,-2.0430243760395905,0.10404262735721143,0.04036489498636174,0.020045541013246265,0.9579612026420655,0.08703260112606907,-2.0358253482450537,0.10232165131724723,0.03324497773657743,0.01697442000763431,0.5880824249380967,0.1294487128892439,0.994
Bimodal,500,-2.033289864151733,0.06465897947445483,0.04711405248648752,0.013101744729936988,0.00010879169101822159,8.752820846504753e-06,-1.9924063385182629,0.058206713499553114,0.08910461846674009,0.013981833218075434,1.1174422332466347,0.010999554127773977,-2.0563444307900967,0.0712154879299867,0.01986571883815321,0.009868408492831498,1.5143763710970524,0.2134356061460993,-2.0583188928546066,0.07142945316803956,0.02069590683159468,0.00997706740508231,1.4815296046435833e-05,1.1072163833761658e-06,-1.9177445364365056,0.05179311070152791,0.16541892903196875,0.01919350852694677,5.9109589550644156e-05,3.050587645270205e-06,-2.0584423305476975,0.07151710279403789,0.024961811114595004,0.011791461176778338,0.37805550019792283,0.03990235764214236,-2.054856419152092,0.07135431656399395,0.021388465327374265,0.010229826135963085,0.850572017051396,0.16996422779272796,-1.9412990157987968,0.05281622757931738,0.14110477688665413,0.014384709800335077,5.6238460354506894e-05,3.974320585180687e-06,-2.059190253703815,0.07151028671445867,0.02414078809375273,0.011585515211139197,5.388635342597961,0.3496104910912507,-2.0556208988051554,0.07137260632363486,0.020534567661080673,0.009923945001740068,0.7097035572696477,0.14373684057461944,0.999
Bimodal,1000,-2.0568470664928338,0.047973348965650364,0.029946234903792467,0.008093984075864834,0.00012369077594480212,1.1828791945565291e-05,-2.016096699493165,0.04317033576555294,0.07151357851658599,0.009648177488093797,3.9557280432246626,0.04248978897356017,-2.0720475737565396,0.05142365380399818,0.012128393051790046,0.005545160337925902,2.047948030821979,0.3013891526699807,-2.0731807623142484,0.05141019554470957,0.012621470676457323,0.0055950436253175365,1.7216723877936602e-05,1.653375054604512e-06,-1.9759683213688715,0.040829140837801856,0.11198871326498595,0.012949956283392643,7.004650996532291e-05,4.511218519247528e-06,-2.0730776001039564,0.051452664742325974,0.014838165955647796,0.0064573476874153195,2.5391237618352753,0.2424751375874218,-2.071165801111396,0.05142753021270871,0.012911851156065248,0.0057046374038534145,1.0021055301389423,0.17585284922743893,-1.9920696087350216,0.041416674995769995,0.09574470987288716,0.01005095385596834,6.378885183949023e-05,4.775249110011485e-06,-2.0735575197557163,0.0514651645790165,0.014458230258177992,0.006403857065928848,24.123805690896347,1.5624391786604306,-2.0716626101633393,0.051494250261474014,0.012501816662969949,0.005572436097167016,0.9308704185138922,0.13955717674938814,1.0
Bimodal,2000,-2.073916464212441,0.03393572894954793,0.018295960726020757,0.004783850076634588,0.00014126051252237178,1.3487959764458915e-05,-2.0356593018476645,0.030780951099176758,0.05668101099595762,0.006365182317810633,15.847961943245725,0.23903824765531506,-2.0840647838376616,0.03537296004892442,0.007260609905562142,0.0030551233726329465,2.997518145366339,0.4540236651102241,-2.084625632378406,0.03542075947422748,0.007526909819471767,0.0030883252533078337,2.026772778481245e-05,2.4975986651631463e-06,-2.018695338580048,0.030277290213332336,0.07406981912251608,0.008100702064736967,8.542726235464102e-05,5.931752796444281e-06,-2.0844931854118465,0.03542905206317932,0.008742882741692451,0.0036247828964662294,10.320516001997982,0.8997668958910732,-2.0835580423992286,0.035382606430457215,0.007794288784986409,0.0032455149236751244,1.237502965978696,0.19327074728057206,-2.029323952334491,0.03064695030135113,0.06306640124511656,0.006520600637118005,7.11828157072886e-05,5.5933217823865815e-06,-2.0847986177026128,0.035479085678728935,0.008469776991207715,0.003523031556516478,102.27802162092935,5.923377047086103,-2.083862687285438,0.03541619573481036,0.0075075383807009346,0.0030757709833156054,1.3875718664535088,0.18123048530502894,1.0
"NT(0.5, 0.15)",50,-1.8266924443712196,0.22039456846377467,0.06367182336748656,0.04469999993886275,8.223933586850386e-05,1.0123981087853268e-05,-1.836903437221431,0.22212544287332864,0.07332149774663388,0.04887981822464388,0.04078608568327031,0.005223092554165185,-1.8089853402674017,0.21451837653326847,0.05285178922821947,0.041084604343070395,0.7884371974430978,0.1456040280057794,-1.8237567447705245,0.22374298436496246,0.05843475033048249,0.04324949575720039,1.3636033982038498e-05,2.2569125306016774e-06,-1.8090052193204904,0.2223722062599341,0.08093328913732267,0.05712731471660095,4.752099933102727e-05,6.678904854651705e-06,-1.8282289193001795,0.23201549245207648,0.11676712045957534,0.09479326222441829,0.006007849753135766,0.0007538560321569982,-1.7911824053740275,0.21701313960672783,0.06889166773847999,0.05316141583852657,0.37963961384049616,0.12020485013677006,-1.810940963383432,0.2281765536141865,0.07402038199459109,0.051915087949208044,4.805587942246338e-05,7.958153862561158e-06,-1.8440375353398522,0.23250025748690997,0.10441001597490834,0.10434921132497774,0.02805338501115325,0.002908489746637449,-1.8054651053037771,0.21590646022765636,0.05431838413115857,0.04383429531166903,0.1595491123566171,0.05418185636670998,0.0
"NT(0.5, 0.15)",100,-1.845075444927292,0.15324685958887055,0.038930040159875015,0.02721310898188572,7.71275204606336e-05,7.710778361110019e-06,-1.8496900431734005,0.15322987524363674,0.043816976940498596,0.029159727569500075,0.0891792299445951,0.011811892252074968,-1.8354281481939865,0.14977658568489358,0.033563922538150034,0.025597508152454884,0.8190304986742558,0.167332029564621,-1.8440082764318353,0.15468371719790394,0.03673985402055193,0.02647347922790025,1.3011182774789632e-05,1.5339246577598582e-06,-1.8348779803941004,0.15365251406594244,0.04918744721280581,0.033546826511329425,4.459590231999755e-05,4.482555237655174e-06,-1.8453684765863265,0.15826146884878226,0.0698899453435724,0.055948942179605395,0.013253814846626433,0.0013845137181306172,-1.8255589240004104,0.15039191477282857,0.04283926519766004,0.03135037435929744,0.43758261618274263,0.14329664095959949,-1.8380506258206912,0.1574505323485606,0.04450029219357805,0.03011073297184944,4.4595079380087555e-05,4.611899758748125e-06,-1.8552306470306255,0.1588449956800595,0.06192121169620996,0.0602160559599708,0.10649117551150261,0.009287249633001956,-1.834109156811322,0.15050843945556772,0.03408201420695863,0.026770718023168622,0.17485943399986714,0.0684434411054436,0.0
"NT(0.5, 0.15)",250,-1.8647219697765482,0.09386891390710951,0.019550405664352195,0.01319773897084893,8.717853494453946e-05,9.094431462801901e-06,-1.866194884738487,0.09386770634338916,0.021060586892398234,0.013994166626740676,0.34615655065258033,0.050195153223829905,-1.8609866941155062,0.09405191574870461,0.01742172184123454,0.012521919172140572,0.9782830889732577,0.19823753565328187,-1.8645843286579489,0.09452373895738585,0.018811833838076886,0.012699936192559394,1.4208521577529608e-05,1.954595116284785e-06,-1.8599231206780809,0.09408472671714702,0.024462533002351135,0.01580916566893334,5.3257453022524416e-05,5.4861579669613e-06,-1.8644076025028613,0.09563701814904087,0.03297374572116988,0.025671563619361234,0.07258519902394614,0.007371825276537902,-1.8564768009271093,0.09433046166566321,0.021693851823911862,0.014584053521818845,0.5585810893210582,0.17589857462826508,-1.8620128078485476,0.09542144960859565,0.021945701550419545,0.013343799145969098,5.276992754079393e-05,4.967899393075034e-06,-1.8689158176918519,0.09566158284524821,0.0286816360486403,0.02679037393280128,0.9640519051486627,0.08084403711515241,-1.86062488556258,0.09430681729288994,0.017474016448475283,0.012844772428869505,0.2135865381855983,0.07698686600594128,0.0
"NT(0.5, 0.15)",500,-1.8736879162910032,0.06595362552879913,0.0118180816315092,0.007552240767299534,9.193663334007946e-05,9.945082484160705e-06,-1.8741526223470495,0.06592646654763182,0.012281268781383806,0.007828595837235571,1.1183463637686801,0.16309418292287972,-1.8718122568772986,0.06572144086595605,0.0106719779444554,0.007214795925097403,1.1912655195473927,0.24955715267787143,-1.8736889116505047,0.06619061976243186,0.01148524066914462,0.007259999674724664,1.51022580685094e-05,2.660764494952925e-06,-1.8708888188217268,0.06605678368832786,0.014703504405957975,0.00905846698908764,6.0468680108896986e-05,8.33414417690449e-06,-1.8730699247044063,0.06666369883665194,0.018706295599336245,0.013429450154486298,0.3851500488232123,0.0469693413634257,-1.869216278586467,0.06584352570741225,0.013162108488674207,0.00836542717433637,0.6668294414749835,0.20035465835314953,-1.872259762822993,0.06653722124173365,0.01314821765941936,0.007552295024451757,5.7163886609486865e-05,6.806101179641538e-06,-1.8758117860091326,0.06663764564332401,0.016247326656400298,0.013613523647370042,5.519636029819376,0.4990635027145773,-1.871712039333061,0.06579709176679127,0.010657439485041676,0.007334001274266054,0.2625707009113393,0.08472929900050771,0.0
"NT(0.5, 0.15)",1000,-1.8776595600222368,0.046430057961240126,0.00693880490032416,0.00411111708284576,9.942480700554548e-05,1.1389835487354382e-05,-1.8777179770828905,0.04637440287478841,0.00709639762283874,0.004230236934137079,4.056557762513403,0.5267149828843887,-1.876660521446138,0.04640280390836396,0.006301128406234423,0.003856618659929402,1.6335794805018231,0.3264367839808999,-1.8776810409056985,0.046566509561698305,0.006753396056482335,0.003906384945194694,1.7145196674391626e-05,2.9020969637618805e-06,-1.876001376009948,0.046483018813184764,0.008602390215786938,0.004881253330067261,7.20882234163573e-05,8.468524792130734e-06,-1.8771370436238568,0.04691117549181127,0.01072781232817548,0.007387473531050331,2.5098866114347476,0.30609363704378006,-1.875167968571086,0.046451025127491025,0.007714132110568101,0.0044093007023060125,0.8924357699353713,0.2833751390879819,-1.876865137934153,0.0467870467053192,0.007597941192070385,0.00401318570228912,6.33882811525833e-05,7.781002466145762e-06,-1.87874551033407,0.04687165934355065,0.00933192095046591,0.007563525559934762,24.77158475694037,2.767845495051477,-1.8766238960340382,0.04645335747302236,0.006258953797271219,0.0038901019173430123,0.386944360118825,0.13012387555414245,0.0
"NT(0.5, 0.15)",2000,-1.8792834043672355,0.03211688549283082,0.004183188260036681,0.002302899153044954,0.00010991503822147258,1.027139638107921e-05,-1.8791190697938975,0.03204628393433251,0.004343589305705871,0.002397492528192019,16.7408479468819,1.2390489118539265,-1.8788277505707562,0.03203745250805513,0.0038352330057525607,0.002179252963199699,2.410354079615325,0.4124886232485543,-1.8793349922409532,0.03215946931973744,0.004084042549169539,0.0022075342027816493,1.9568179617635906e-05,2.7218125657516736e-06,-1.8783501246667205,0.03213717904583387,0.005134284073589145,0.002691012114970387,8.934058505110204e-05,6.73093593892257e-06,-1.878929948581502,0.03228374971508232,0.006032227745564368,0.0036792559437257167,10.03292402766645,0.8140198649882164,-1.8780158931614044,0.03204414760170036,0.004631499184157062,0.0024617244789355195,1.2123026091532083,0.3499582536514739,-1.8789383751849433,0.03223152528641481,0.004535576684978438,0.002265272649414434,6.96115323808041e-05,1.4533841370687815e-05,-1.8798094917026025,0.03226260982939552,0.0052102103444897465,0.003719770065240048,101.72573873635172,6.369056811681907,-1.878837792058302,0.032048767788421154,0.0038111102933505695,0.0021924088597080477,0.6720239684695843,0.17998858307646584,0.0
"NT(0.7, 0.15)",50,-1.9000502088662712,0.22021466893294359,0.07052865219020073,0.04932140798290371,8.338588906917615e-05,5.840450615318233e-06,-1.9124206312689513,0.22159551882410786,0.08452354593941758,0.0592018728653205,0.03949990316666658,0.003176692419759956,-1.882337598532269,0.21285171183339543,0.058926883872665356,0.04627612645192983,0.7090466728068423,0.10632665525926951,-1.8981328038597063,0.22189295703613554,0.0649644805172784,0.047389024000398676,1.343326538335532e-05,1.0661346499571329e-06,-1.849619740594259,0.2452352930048067,0.12339572353387311,0.1256263727912386,4.833790403790772e-05,3.712550105540343e-06,-1.8555041881895056,0.32737459513704237,0.1670421905735063,0.19478945869164552,0.005912577801034737,0.000351991374647477,-1.8306043528663527,0.24375816539422915,0.1105066653059067,0.11914194895534126,0.4202323135349434,0.10746811751002318,-1.8844330789947834,0.22768435539851634,0.08044088958425018,0.05640388819807105,4.91938404738903e-05,4.0160218713028545e-06,-1.9188114816055704,0.2317150193082043,0.11371747547474206,0.11032763354992953,0.027712550921249156,0.0017403392769671864,-1.877177276990809,0.21514735130670834,0.059477923981463794,0.04864019873704832,0.17579489314381497,0.049388004198040576,0.0
"NT(0.7, 0.15)",100,-1.9224821506721712,0.15088283084836088,0.04249309315607421,0.02899394305640536,7.353208633139692e-05,3.979727628993773e-06,-1.9283452735092528,0.1505720899849806,0.04905154276548656,0.03270725035054941,0.08486127643554933,0.006706346551870169,-1.9129489942446283,0.1467067007496821,0.03693830063586569,0.027850166176880128,0.7416456818286097,0.11280548978824681,-1.9216087857395192,0.1516399518607725,0.04040633481961843,0.028443271600800204,1.2624807888641954e-05,8.690795810533159e-07,-1.8907764121503896,0.15825411186478566,0.07547924917779943,0.058948570890054425,4.1910295840352775e-05,1.5834475466381055e-06,-1.8940913175527427,0.1788455864174751,0.10350389119491984,0.10843557640286204,0.01304325015936042,0.0007437272786781183,-1.8822070055570566,0.15528002400351645,0.06812863477270167,0.055888742749733045,0.46325913309655153,0.11117980472871276,-1.91541713253208,0.15491381192517817,0.048370616899070726,0.03256790183498561,4.1865017730742696e-05,2.3573827538262308e-06,-1.932999945824967,0.15667892683114776,0.06677508833608514,0.06369065669786315,0.10441966954187952,0.006053311739839915,-1.91067095776914,0.1480479248599636,0.03730715684044778,0.029379295091489007,0.19143469973513855,0.05439400842243914,0.0
"NT(0.7, 0.15)",250,-1.9433641628437015,0.09223844233811178,0.02109350822326942,0.013618648568317272,8.611525560263445e-05,4.987951889636813e-06,-1.9452833480063247,0.09221825983714566,0.023396112864211324,0.014724733617293975,0.32742769559065343,0.025692850544559755,-1.9395936651823489,0.09197886359946474,0.019055486419693242,0.013242425117322565,0.8920129047386581,0.1398405224896824,-1.943136907536384,0.09264163170942091,0.020504584023192135,0.013388406516770838,1.3920396915636957e-05,1.0237363268409143e-06,-1.92682763316826,0.09503697056494653,0.038020424558175836,0.028809668060662232,5.147999746259302e-05,2.242560924411747e-06,-1.9284110542428368,0.09986018251092806,0.04927992455661619,0.04496491114910053,0.07142234512034333,0.004686869249108462,-1.924031688044002,0.09541738125404013,0.034410273869377825,0.025534662440954606,0.5618622937927721,0.14843851141162814,-1.9406085059034694,0.09376438989787717,0.023694814927911655,0.014138727275889119,5.1514585036784414e-05,2.8995072494704958e-06,-1.947657645657852,0.09403107027973873,0.030759741297768622,0.027846548194934203,0.9460449216464767,0.04940705882926747,-1.9389995729047396,0.09265266128906924,0.01895295142749086,0.013600133868771215,0.2295504367672838,0.061419662568727,0.0
"NT(0.7, 0.15)",500,-1.9531054451383825,0.06454949878571652,0.012756168150740004,0.007734710417623358,9.044803795404567e-05,5.409828503289149e-06,-1.953871108881527,0.06457862437085626,0.013607720969509367,0.008081536328865392,1.0521586286942475,0.08022667588852024,-1.95118528018801,0.06420113901125953,0.011706354084818441,0.007590615318527204,1.068312208502204,0.17234864510660325,-1.9530246379945988,0.0646881761549233,0.012527890703282868,0.007627063618246405,1.4796637231484055e-05,1.4820822753386204e-06,-1.9420676940108887,0.06695114836975845,0.0236754217307611,0.019190472236665795,5.8383918832987546e-05,2.84649957774854e-06,-1.9426066980312198,0.07015579985139027,0.02934454961819257,0.02868707327659234,0.3773432731713401,0.03158570400288479,-1.9412391078784665,0.06633480313029497,0.02150449378845198,0.016316265861407057,0.6531528610762907,0.1611607893478822,-1.9516225566780405,0.06510738941093257,0.014158433545164922,0.00802668494471198,5.555318028200418e-05,3.1497505226797674e-06,-1.955225804597794,0.06534639054736,0.0174212910713589,0.014381739865771468,5.397882318505552,0.24849283814156772,-1.951020446301443,0.06439296168104076,0.011557794988045116,0.007720472394127248,0.27136490756098647,0.06141918354176469,0.0
"NT(0.7, 0.15)",1000,-1.9575712352562957,0.045186489053432435,0.007475282999388179,0.004170756044602528,9.790225338654891e-05,8.570583556168558e-06,-1.9578443453115932,0.04515999502021647,0.007825022298212105,0.0043470266474324535,3.770762451755931,0.30917859198225933,-1.9565310274065855,0.04512071754158413,0.006930797359771605,0.004043922132067888,1.4651342755367514,0.2272851673833829,-1.9575313227484545,0.04527331315257847,0.007371698042499167,0.004080851582575541,1.6757610952481628e-05,1.7320802692939835e-06,-1.9504574297548087,0.04636205641733271,0.014506432065753192,0.010758038815645576,6.958625616971403e-05,4.834184605988027e-06,-1.9504695204125149,0.048371480255238686,0.017638456783037087,0.016645627642258957,2.465450842390186,0.1919555838342563,-1.950044689151354,0.046193585260567674,0.013061889837917047,0.009277682051013649,0.8451269895376172,0.18613294150551468,-1.956769441645762,0.04554120840968311,0.008210227807780487,0.004255077702147788,6.220061797648668e-05,4.92962294767015e-06,-1.9586793821168107,0.04565849022897341,0.010055658211405567,0.007880499624274569,24.208071713824758,0.922466152461041,-1.9564896088289336,0.045193746919988294,0.0068226544004208476,0.004073360518412735,0.38120790162542834,0.080478711581463,0.0
"NT(0.7, 0.15)",2000,-1.9595727913191354,0.03132460374302226,0.004512176380161034,0.0023506436095955055,0.00010851282987273818,1.0781511451863705e-05,-1.9596059365158243,0.03128844218844777,0.004643437096297851,0.0024212266435378357,15.495287418183288,1.3193590300586533,-1.9590742904921452,0.03121671121070043,0.004226655253173877,0.0022868907322991473,2.1668276426590745,0.332919723799037,-1.959569867857,0.03134630116766557,0.0044696014972152925,0.002315994932026532,1.9244334776885806e-05,2.1930323684381364e-06,-1.9554430280116852,0.03156256611793412,0.008609601591921758,0.004862273528567459,8.660096442326781e-05,5.707649023063193e-06,-1.955602817342021,0.03196079484044543,0.009874177757582763,0.006827395572876983,9.908497272689477,0.7020003190847421,-1.9554023915214427,0.031523930772528554,0.007874928385917633,0.00455309254253625,1.1368462340163532,0.26527200073065293,-1.9591869786911327,0.03146507995137229,0.004893009278352341,0.002369101950482202,6.826325226575129e-05,5.920493544827829e-06,-1.9600552810401677,0.03151533189266179,0.005609346833521178,0.0038509251606658685,102.2544505622749,3.1077101615812905,-1.959055776236994,0.03127948720503177,0.004153987777064873,0.0022661350857255016,0.6160547810029239,0.13427637112178797,0.0
